{"train": [0.0, 0.0, 0.0, 0.0, 0.0, 0.0, 0.001382886776145203, 0.00432152117545376, 0.01296456352636128, 0.02247191010849581, 0.03146067415343963, 0.041140881586456055, 0.05116681071350877, 0.061538461526870314, 0.07260155573989568, 0.08504753673292999, 0.0987035436319089, 0.10769230764079114, 0.12255834053200489, 0.13898012099100168, 0.1481417458868274, 0.1687121866819873, 0.17666378562936724, 0.19619706135400947, 0.20743301637026393, 0.22333621433199533, 0.22921348313061246, 0.24978392388971077, 0.26205704405633357, 0.2741573033398766, 0.29611063091118167, 0.3070008642733252, 0.3286084701699127, 0.3374243733562471, 0.3578219532245382, 0.361279170273086, 0.3766637855495166, 0.3899740707699142, 0.4051858253075114, 0.4138288676584189, 0.4311149524478121, 0.43975799481932626, 0.4480553154607425, 0.465859982719067, 0.46672428691809614, 0.4774416593971599, 0.48971477949938697, 0.5070008643093867, 0.5132238547299169, 0.5313742437440976, 0.532584269668073, 0.5552290405759341, 0.557476231530502, 0.5586862575729654, 0.577355229030319, 0.589974070862644, 0.5948141745791522, 0.596197061375904, 0.6136560069247372, 0.611408815872288, 0.636646499521483, 0.6292134830790959, 0.6433880725191292, 0.6561797751984724, 0.6615384614920966, 0.66776145198475, 0.6829732065790155, 0.6824546239452313, 0.6843560932830375, 0.6890233361679825, 0.697493517656417, 0.7042350906180017, 0.7152981848065567, 0.7125324113469961, 0.7156439066087777, 0.7308556611103134, 0.7246326706382665, 0.7401901468699001, 0.7358686257871762, 0.7491789108427208, 0.750388936843971, 0.7517718236201162, 0.7721694035682579, 0.7547104579988181, 0.7735522903237965, 0.7752808987424614, 0.7751080379881731, 0.7870354363396957, 0.7906655141476835, 0.7958513396818677, 0.7911840967608611, 0.7970613653946252, 0.8031114951845069, 0.8013828866422021, 0.8159031977196036, 0.8221261882637736, 0.816767502006211, 0.8205704407333401, 0.8252376836028301, 0.8250648228485418], "val": [0.0, 0.0, 0.0, 0.0, 0.0, 0.005524861899034753, 0.02071823206478061, 0.041436464108979505, 0.059392265234533594, 0.07182320446105293, 0.0828729281973773, 0.09944751381215469, 0.12016574602100731, 0.1381215470024894, 0.16022099449571983, 0.1837016575408904, 0.19889502795361683, 0.20994475146354233, 0.23204419893619105, 0.2513812154696133, 0.26933701657458564, 0.2859116022922716, 0.29419889519227804, 0.30662983458345106, 0.31767955801104975, 0.33977900536020816, 0.349447513647501, 0.3632596683436336, 0.3770718233690736, 0.37983425463760756, 0.39917127104753947, 0.4157458566828986, 0.4212707182320442, 0.4392265191723629, 0.4433701660751638, 0.4502762434232301, 0.4571823207712964, 0.47237569093704224, 0.47790055248618785, 0.4889502762430939, 0.49033149220666833, 0.5027624314331877, 0.508287293146987, 0.5165745859646665, 0.5165745856353591, 0.5303867400021843, 0.5386740341370936, 0.5359116025392522, 0.5483425414364641, 0.5483425417657715, 0.5483425417657715, 0.5621546961325967, 0.5690607738099704, 0.5732044205481176, 0.5814917123778749, 0.5842541446343311, 0.5787292820972633, 0.5787292824265706, 0.5994475134828473, 0.5994475134828473, 0.6104972378983682, 0.5994475144707696, 0.6049723763492226, 0.6077348076177566, 0.609116022428755, 0.6243093929238083, 0.6146408844718617, 0.6325966850828729, 0.6325966860707952, 0.6381215476199408, 0.6353591170100218, 0.6519337023160734, 0.6560773483956057, 0.6546961335846073, 0.6477900559072336, 0.6422651936994732, 0.649171270718232, 0.6560773480662984, 0.6574585641945264, 0.6574585645238339, 0.6629834254143646, 0.6546961329259925, 0.6616022096154439, 0.6602209944751382, 0.6671270724818192, 0.6671270716585507, 0.6671270714938969, 0.6754143649701914, 0.6712707182320442, 0.6767955797811898, 0.6726519337016574, 0.6629834264022869, 0.6643646412132853, 0.6767955807691121, 0.6837016581171784, 0.6864640880684826, 0.6795580113790312, 0.6864640887270975, 0.6906077348066298, 0.6712707179027367], "test": [0.0, 0.0, 0.0, 0.0, 0.0, 0.0065237651444548, 0.014911463187325256, 0.03168685923487587, 0.05032618818084214, 0.06337371836559637, 0.07921714800212945, 0.0950605774303518, 0.11929170534584084, 0.14165890012682872, 0.16123019579627862, 0.1808014912574178, 0.1966449208939509, 0.20969245115508572, 0.22367194789320313, 0.242311276488513, 0.2609506054448948, 0.2758620686044453, 0.28984156578695897, 0.3084808948266651, 0.3233923579862156, 0.3429636529751837, 0.36719478112675824, 0.3737185458545916, 0.3914259088339366, 0.40820130447528125, 0.42218080168556965, 0.4268406334872126, 0.4398881641649689, 0.45013979513402974, 0.4585274931769002, 0.46784715725235704, 0.47157502257701733, 0.47903075419845476, 0.48835041916270405, 0.49207828540393156, 0.4920782849317606, 0.5004659835023516, 0.5069897490912026, 0.5088536810452763, 0.511649580365125, 0.515377446189731, 0.5302889084882638, 0.5321528409422833, 0.5377446419150609, 0.5414725054343615, 0.5479962705788164, 0.5554520030612714, 0.5629077355992761, 0.5666356008961616, 0.5647716684976918, 0.5750232998833741, 0.5712954340865427, 0.5768872313930515, 0.5787511651524848, 0.5815470636946402, 0.5815470650278288, 0.5908667291310604, 0.5908667272423764, 0.5973904942199657, 0.6020503264104553, 0.5992544257851927, 0.6029822924708165, 0.6076421238280632, 0.6113699904581374, 0.612301955629706, 0.6169617900977263, 0.6206896550057652, 0.6188257203297646, 0.6234855525758037, 0.6206896532281803, 0.6206896545613689, 0.6356011176931446, 0.6374650502027136, 0.6337371835170899, 0.6430568493423569, 0.640260951327922, 0.6439888167359067, 0.6458527473567917, 0.6467847164723769, 0.6495806153756041, 0.657036347413663, 0.6551724127376624, 0.6607642114329094, 0.658900279923232, 0.6700838759249876, 0.6551724122932662, 0.654240446232905, 0.6579683116408896, 0.6644920771741911, 0.6738117422217648, 0.6700838759249876, 0.6710158423741954, 0.6775396074631007, 0.6700838777025726, 0.6728797762169532], "val_embed": [0.34392265193370164, 0.5676795580110497, 0.7016574585635359, 0.7693370165745856, 0.8121546961325967, 0.8273480662983426, 0.8397790055248618, 0.8646408839779005, 0.8674033149171271, 0.8743093922651933, 0.8784530386740331, 0.8853591160220995, 0.8950276243093923, 0.8922651933701657, 0.8977900552486188, 0.9005524861878453, 0.8964088397790055, 0.8977900552486188, 0.8964088397790055, 0.8977900552486188], "test_embed": [0.3550792171481827, 0.5722273998136067, 0.684995340167754, 0.7465051258154707, 0.7958993476234856, 0.8154706430568499, 0.8303821062441752, 0.8546132339235788, 0.8583410997204101, 0.8667287977632805, 0.8741845293569431, 0.875116495806151, 0.8853681267474371, 0.8769804287045666, 0.880708294501398, 0.8835041938490215, 0.8825722273998136, 0.8881640260950606, 0.8900279589934762, 0.8956197576887233]}