{"train": [0.0, 0.0, 0.0, 0.0, 0.0, 0.0, 0.0028818443857713118, 0.007384726224783862, 0.015670028823811657, 0.021073487031700287, 0.032240634005763685, 0.04340778097982709, 0.045569164265129684, 0.06087896255749447, 0.06862391932982877, 0.08411383285302594, 0.09780259366531022, 0.11671469740634005, 0.12644092223314457, 0.14625360234841833, 0.1595821325648415, 0.182636887651012, 0.1864193083573487, 0.19902737752161384, 0.21793948126801152, 0.22874639778041014, 0.2444164265129683, 0.2606268012386234, 0.2669308357348703, 0.28962536040231884, 0.30295389048991356, 0.31538184438040345, 0.3315922190201729, 0.33969740634005763, 0.35698847270836404, 0.3625720461095101, 0.38472622486974734, 0.3964337175792507, 0.4034582133423698, 0.41804755043227665, 0.4290345822184505, 0.4421829971181556, 0.45046829971181557, 0.46253602305475505, 0.47748559112164063, 0.4859510089890758, 0.4962175794224918, 0.5073847263106696, 0.5160302594518799, 0.530799711815562, 0.5419668587896254, 0.5540345823043361, 0.5608789626219087, 0.5617795389048992, 0.5724063404011795, 0.5936599423631124, 0.5958213258201863, 0.6120317004599557, 0.6068083575204745, 0.6226585017844648, 0.6248198848979961, 0.6287824209210509, 0.6401296831688895, 0.654178674351585, 0.653097982880705, 0.6687680118709202, 0.6721902017291066, 0.6786743519285571, 0.6889409221902018, 0.6914625363665974, 0.7011887609786878, 0.7010086455331412, 0.7092939482985725, 0.7206412105464111, 0.7193804034582133, 0.7316282424184706, 0.735590778269754, 0.7388328533694792, 0.7411743517567857, 0.7377521613832853, 0.7622478389602573, 0.7536023054755043, 0.7581051876634274, 0.770353026280142, 0.7662103749833121, 0.7676512970017425, 0.7842219023608337, 0.7770172910662824, 0.7876440922190202, 0.790886167146974, 0.7919668587896254, 0.7953890493348971, 0.8105187323320152, 0.8022334293948127, 0.8042146975781114, 0.8015129682997119, 0.8110590778097982, 0.8211455331412104, 0.8168227669141478, 0.8265489916980094], "val": [0.0, 0.0, 0.0, 0.0, 0.0, 0.003015075376884422, 0.011055276381909548, 0.020100502523794844, 0.025125628146319533, 0.03316582915134466, 0.04723618091575464, 0.05829145729766419, 0.07638190971247515, 0.09447236189141345, 0.10351758796216255, 0.11959798997221281, 0.13869346734791546, 0.15075376900895757, 0.16381909548861898, 0.17688442227528922, 0.18592964828613415, 0.19899497520384477, 0.20603015126295426, 0.218090452426043, 0.224120603239716, 0.22613065377551705, 0.23819095510334226, 0.25025125638623935, 0.2582914573313603, 0.26733668386636666, 0.2874371863789295, 0.2884422114446535, 0.29949748776665885, 0.30753768865187564, 0.3115577891094601, 0.3206030153449456, 0.32864321646977906, 0.3326633168524833, 0.34974874410797, 0.3417085431628491, 0.35979899518453895, 0.35879396999900665, 0.36381909592666817, 0.3809045236314361, 0.38592964851077477, 0.4000000002096646, 0.40502512589770945, 0.4060301508436251, 0.41507537766317626, 0.4201005028420357, 0.4301507537987963, 0.4321608041698609, 0.4271356786016244, 0.4502512563113591, 0.45728643249027695, 0.45326633180805187, 0.45929648319081445, 0.4603015076874489, 0.4613065335019749, 0.4613065335019749, 0.47035175969253235, 0.47939698588308977, 0.4743718594462428, 0.4814070360145377, 0.4834170854570878, 0.4914572864621129, 0.4793969858231856, 0.49246231170754934, 0.4924623125162556, 0.49748743802458795, 0.502512563772537, 0.5045226130952787, 0.5055276382209068, 0.511557789783382, 0.5045226140237933, 0.513567839225932, 0.5125628150887226, 0.5195979900396049, 0.5256281417218884, 0.527638190984726, 0.5226130654164894, 0.5316582915471427, 0.5417085436720345, 0.5316582918466635, 0.5356783929781698, 0.5386934682951501, 0.5346733677926375, 0.5407035176777959, 0.5427135686778543, 0.5477386944258034, 0.5457286438750262, 0.5386934681753417, 0.5507537688741732, 0.5527638198742315, 0.5527638198143274, 0.5517587947486035, 0.547738694305995, 0.5547738703052003, 0.5547738698858712, 0.558793970508192], "test": [0.0, 0.0, 0.0, 0.0, 0.000966183574879227, 0.004830917874396135, 0.011594202898550725, 0.022222222222222223, 0.03864734299516908, 0.04830917874396135, 0.05314009661835749, 0.06859903381642513, 0.07826086965160094, 0.09951690821256039, 0.11111111113990563, 0.12367149761333558, 0.13333333336212785, 0.1458937198355578, 0.1565217391592293, 0.16231884063729918, 0.17971014498512525, 0.1874396135841591, 0.18550724649198966, 0.19420289857951914, 0.20772946871421188, 0.21642512080174137, 0.2328502416898663, 0.2454106281057072, 0.25410628030841476, 0.2589371981828109, 0.27536231889816876, 0.2792270532552747, 0.29178743972870463, 0.2917874396999101, 0.2927536232747893, 0.29758454112039096, 0.3188405798541175, 0.32753623202803056, 0.3294685989186384, 0.34202898562242445, 0.34685990346802603, 0.35072463782513197, 0.3623188406660937, 0.37487922762903036, 0.36521739141952586, 0.3864734300956634, 0.3874396136129536, 0.39033816442397484, 0.39516908229837094, 0.39710144933295133, 0.40579710159324794, 0.4048309179607797, 0.4048309179607797, 0.41835748803788336, 0.42512077309083246, 0.4328502416898663, 0.433816425235951, 0.4309178744825188, 0.42995169099402314, 0.44154589386377935, 0.4434782609559488, 0.4454106281057072, 0.4405797103176946, 0.44734299525546567, 0.4589371982403999, 0.4608695653901584, 0.4579710146367262, 0.45217391321624534, 0.4579710146655207, 0.46570048326455454, 0.4695652175352769, 0.46280193251112234, 0.47053140085100553, 0.4763285023002809, 0.47729468622069426, 0.4782608696228064, 0.48309178766996963, 0.48115942043382764, 0.48599033874014147, 0.49468599048213685, 0.48792270540039323, 0.4898550730396584, 0.49178743975749917, 0.5024154591099651, 0.49855072521357147, 0.5033816426272554, 0.4995169083853275, 0.5120772947723738, 0.5111111112262892, 0.5140096617205707, 0.5169082124452085, 0.51690821264677, 0.5120772948299629, 0.5111111109959331, 0.5120772948587574, 0.518840579882912, 0.5091787441917087, 0.5285024156029098, 0.5207729470326705, 0.5236714976133355], "val_embed": [0.21407035175879396, 0.4653266331658292, 0.6090452261306533, 0.6924623115577889, 0.7587939698492462, 0.7909547738693468, 0.8120603015075377, 0.8271356783919598, 0.8371859296482412, 0.8492462311557789, 0.8482412060301507, 0.8603015075376884, 0.8623115577889447, 0.8633165829145729, 0.8633165829145729, 0.8683417085427135, 0.8653266331658291, 0.8633165829145729, 0.8723618090452261, 0.8663316582914573], "test_embed": [0.19130434782608696, 0.4115942028985507, 0.5661835748792271, 0.6492753623188405, 0.6975845410628019, 0.7294685990338164, 0.7507246376811594, 0.7710144927536232, 0.7855072463768116, 0.7835748792270532, 0.7932367149758454, 0.8048309178743961, 0.8096618357487922, 0.8057971014492754, 0.8183574879227054, 0.8144927536231884, 0.8135265700483092, 0.81256038647343, 0.8193236714975846, 0.8241545893719807]}