{"train": [0.01188760807453212, 0.05961815561959654, 0.11221181564784531, 0.17002881848674686, 0.20677233429394812, 0.2631484149855908, 0.31520172927839957, 0.3652737753879096, 0.41768732005649756, 0.4506484151573621, 0.4936959655037531, 0.5344020172910663, 0.5736671471458347, 0.610050432276657, 0.6295028820161517, 0.6613832853025937, 0.6894812681832987, 0.716678674351585, 0.7282060518731989, 0.7384726224783862, 0.7523414987308491, 0.7780979827089337, 0.7831412103746398, 0.8034942366547818, 0.8224063404011795, 0.826188761150459, 0.8411383285302594, 0.8497838620150123, 0.8569884726224783, 0.8665345821325648, 0.8737391930835735, 0.8814841500276791, 0.8856268011527377, 0.9025576372311507, 0.896613832853026, 0.8998559077809798, 0.904719020344682, 0.9162463978662958, 0.9171469744069431, 0.9234510088173045, 0.9266930837452584, 0.9319164266847396, 0.9333573488749414, 0.9326368876080692, 0.9411023056472756, 0.9375, 0.9427233432830239, 0.9398414985590778, 0.9463256485867569, 0.9488472622478387, 0.9477665707769586, 0.9504683000553582, 0.9488472622478387, 0.9551512970017425, 0.9596541786743515, 0.9538904902570873, 0.9594740634005764, 0.9666786745233563, 0.9659582136000268, 0.9679394812680115, 0.9601945246674486, 0.9650576372311507, 0.9639769455884994, 0.9648775217856042, 0.9664985592495811, 0.9711815561959655, 0.9666786746951276, 0.969740634177535, 0.9715417867435159, 0.9701008645533141, 0.9711815561959655, 0.9717219023608337, 0.9679394812680115, 0.9728025938317136, 0.9746037465694658, 0.9729827092772602, 0.9726224783861671, 0.9773054758478654, 0.9760446687596676, 0.979466859133168, 0.9774855907780979, 0.976404899307218, 0.9796469740634006, 0.9791066284138462, 0.9767651298547684, 0.9823487033418001, 0.9769452451285436, 0.9785662825925205, 0.979106628242075, 0.9812680118709202, 0.9816282422466993, 0.9836095102582266, 0.982528818443804, 0.9809077813233698, 0.9821685878962536, 0.9794668587896254, 0.9801873198847262, 0.9834293948126801, 0.9816282422466993, 0.9830691642651297], "val": [0.04422110553887022, 0.08442211055837984, 0.12462311560035351, 0.16080402010611852, 0.21306532667809394, 0.25226130698194454, 0.2814070355652565, 0.3165829150221456, 0.34170854275849594, 0.3618090454956994, 0.39396984941096763, 0.4301507537987963, 0.4412060303005142, 0.47437185950614696, 0.48844221195383886, 0.5085427145263058, 0.5326633176012854, 0.5417085436121303, 0.5527638199940399, 0.5638190961363327, 0.5768844231289236, 0.5909547747679093, 0.6030150763952552, 0.6080402010349772, 0.6180904529202523, 0.6301507547273109, 0.633165829984387, 0.6371859305468037, 0.6502512571799696, 0.657286432879654, 0.6613065332623582, 0.6613065332623582, 0.6603015081966342, 0.6613065333222624, 0.6683417091417552, 0.6783919603980366, 0.6864321613431575, 0.6804020104695804, 0.689447236720042, 0.6954773874738108, 0.6944723622882786, 0.6964824130786723, 0.6984924627907911, 0.6994974883357484, 0.7075376891610611, 0.7065326640354329, 0.7105527642384246, 0.7115577893041486, 0.7125628146693934, 0.7216080408000467, 0.7236180908715905, 0.7185929653632581, 0.726633166308379, 0.7206030159739394, 0.7226130657459623, 0.7266331661885708, 0.7296482419847843, 0.7226130660454831, 0.7256281411228468, 0.7286432166794437, 0.7226130661053873, 0.7326633171819562, 0.731658292056328, 0.7386934678758209, 0.7366834178042772, 0.7427135684981419, 0.7417085433126095, 0.7346733673733084, 0.7417085431928012, 0.7447236184498772, 0.7417085434324179, 0.7457286436354096, 0.7447236187493981, 0.7427135687976626, 0.7507537693833586, 0.7507537693234544, 0.7477386937668575, 0.7477386940663784, 0.7527638194549023, 0.7577889451429473, 0.7597989951545868, 0.7537688447003389, 0.7608040204000234, 0.7618090454058432, 0.7628140710107046, 0.7587939704482879, 0.7648241208426317, 0.7618090457652681, 0.7648241211421526, 0.7587939703284795, 0.7668341712736005, 0.7587939705081921, 0.7618090459449807, 0.7608040206995441, 0.7638190960764286, 0.7608040206995441, 0.7597989954541077, 0.7618090455855556, 0.7648241208426317, 0.7658291460880682], "test": [0.056038647400584195, 0.09758454114918548, 0.13913043481140322, 0.18067632850241547, 0.21352657007710368, 0.23671497590299967, 0.26570048323576, 0.3004830919314122, 0.32946859914899446, 0.3478260870429053, 0.3855072462616335, 0.40772946874300636, 0.4289855073615549, 0.4521739131874508, 0.4647342996896753, 0.4743961354384676, 0.4908212562114144, 0.5072463769555667, 0.5082125605592405, 0.5256038646191215, 0.5342995170233906, 0.5381642513517021, 0.5555555554403775, 0.566183574764049, 0.5661835750519941, 0.566183574764049, 0.5797101450427143, 0.595169082298371, 0.5971014495057184, 0.5980676327350635, 0.6048309180183687, 0.611594203474441, 0.6135265702786653, 0.6202898552164363, 0.6212560388776991, 0.6357487921553533, 0.6309178745401078, 0.6425120774386586, 0.6376811595930569, 0.6454106282496798, 0.6473429953130547, 0.6560386472278171, 0.6579710146655207, 0.6550724643440062, 0.659903381527334, 0.6647342997472643, 0.6647342997472643, 0.672463768000764, 0.6743961355536456, 0.6705314010525671, 0.6695652179671946, 0.6772946861055162, 0.676328502645815, 0.6792270533704527, 0.6714975846850354, 0.681159420174677, 0.6801932372908661, 0.6821256040087069, 0.6811594205202112, 0.6801932368589484, 0.6821256040375013, 0.6888888887737108, 0.6821256040375013, 0.6840579708993147, 0.6830917873244354, 0.6946859902229862, 0.6956521744889338, 0.7004830919602067, 0.6966183577182788, 0.6966183575743062, 0.7004830920753847, 0.6956521744889338, 0.6975845412931581, 0.7033816426848444, 0.7053140095466577, 0.7043478260869566, 0.7072463773874845, 0.7091787441341197, 0.710144927766588, 0.711111110995933, 0.7130434784336367, 0.7072463766964161, 0.7091787438461746, 0.711111110995933, 0.7101449275362319, 0.7111111116870014, 0.7169082124452084, 0.7111111112838782, 0.7091787438461746, 0.7082125609623637, 0.7149758459865183, 0.7149758459865183, 0.7159420288703292, 0.7149758455546006, 0.7101449281121222, 0.711111110995933, 0.718840579940501, 0.7178743967111559, 0.7159420292158634, 0.7188405798541175]}