{"train": [0.0, 0.0, 0.0, 0.0, 0.0, 0.0030876109552677882, 0.011385565418757236, 0.014859127749903512, 0.01640293321891072, 0.02470088768240017, 0.032419915079196324, 0.04882284829810705, 0.0594365109881118, 0.07294480893681841, 0.07892705517379256, 0.0903126205695453, 0.10131223463542854, 0.11153994592079919, 0.12582014659250718, 0.1366267849675756, 0.1592049401200264, 0.16383635656155476, 0.17811655723901385, 0.19181783087853527, 0.2086067154733245, 0.21922037814032475, 0.2352373598165744, 0.24604399836992766, 0.25742956359889785, 0.2829023542343443, 0.29062138175191404, 0.3039367040443126, 0.3218834425596968, 0.32979544565881, 0.3490930143262097, 0.36105750643208606, 0.38093400217768125, 0.38074102633158613, 0.39868776501950404, 0.41412582003163906, 0.42956387497476056, 0.434195291048217, 0.44924739485125614, 0.4615978385112958, 0.47336935490910403, 0.4834040907854649, 0.5011578539263462, 0.5086839056438297, 0.5185256656165843, 0.5306831335340491, 0.5461211881781122, 0.5530683133465035, 0.557120802410778, 0.5723658817263471, 0.5820146662900918, 0.6016981858445244, 0.6067155534261353, 0.6045928207063987, 0.6175221916516744, 0.6327672707256964, 0.6285218057003044, 0.6360478577628553, 0.6561173291705097, 0.6644152834672166, 0.6638363561819806, 0.6657661135617208, 0.6736781166493317, 0.6904670011118451, 0.6941335390820461, 0.693940563235951, 0.7005017363670847, 0.7234658427056269, 0.7252026238251911, 0.7259745273015896, 0.7468159005983324, 0.7394828247269439, 0.748552681924937, 0.7470088766284635, 0.7551138557462056, 0.7674642990841823, 0.7668853725350901, 0.7632188345188802, 0.7692010805718184, 0.7844461596688448, 0.7863759164964771, 0.7840602081606904, 0.7904284059058189, 0.7802006944134078, 0.8037437279681725, 0.8020069466415679, 0.8074102661684184, 0.804129679016237, 0.8130065612653101, 0.8143573908537155, 0.8151292938010106, 0.8195677339823629, 0.830374372714001, 0.838093399587445, 0.8353917406866883, 0.8379004242244442], "val": [0.0, 0.0, 0.0, 0.0, 0.0, 0.0, 0.0, 0.004411764727795826, 0.011764705882352941, 0.014705882352941176, 0.022058823551325237, 0.027941176492501708, 0.022058823573238708, 0.027941176492501708, 0.03088235311648425, 0.03970588237485465, 0.044117647102650474, 0.041176470763543076, 0.04852941176470588, 0.054411764727795825, 0.060294117690885767, 0.07205882370471954, 0.06911764705882353, 0.08823529429295483, 0.08823529411764706, 0.08088235296308995, 0.0897058821776334, 0.09411764710265047, 0.11029411766897229, 0.09852941185235978, 0.10735294117647058, 0.10000000008765389, 0.10294117647058823, 0.1176470589111833, 0.13088235302883036, 0.12205882361706566, 0.13235294135177836, 0.12499999982469222, 0.13235294126412447, 0.14117647076354306, 0.14705882335410397, 0.1323529411764706, 0.13529411764705881, 0.1397058821776334, 0.14264705864822164, 0.13676470588235295, 0.14117647067588918, 0.15000000035061556, 0.1514705884106019, 0.1514705882352941, 0.15147058805998634, 0.1676470588235294, 0.15, 0.16029411773471272, 0.16470588270355674, 0.1455882356447332, 0.16764705917414496, 0.18088235329179203, 0.16323529411764706, 0.17647058805998633, 0.16029411747175104, 0.17499999982469222, 0.18088235329179203, 0.17794117629528045, 0.1955882356447332, 0.17352941185235976, 0.1779411768212038, 0.1735294115893981, 0.1941176472341313, 0.197058823354104, 0.18970588235294117, 0.2029411768212038, 0.21323529446826262, 0.20147058823529412, 0.20441176470588235, 0.19264705917414496, 0.19705882370471955, 0.1882352939423393, 0.18235294152708614, 0.20588235294117646, 0.18088235294117647, 0.2029411768212038, 0.20441176523180568, 0.20294117647058824, 0.19411764688351574, 0.20441176479353623, 0.19264705882352942, 0.18382352923645692, 0.20147058893652522, 0.20000000017530778, 0.21323529411764705, 0.1926470589988372, 0.2235294117647059, 0.2102941179976744, 0.20882353011299581, 0.2073529411764706, 0.21764705882352942, 0.1941176481106702, 0.19117647058823528, 0.1926470598753761], "test": [0.0, 0.0, 0.0, 0.0, 0.0, 0.0, 0.0, 0.002803738317757009, 0.004672897196261682, 0.004672897213669581, 0.009345794392523364, 0.010280373831775701, 0.009345794392523364, 0.013084112149532711, 0.015887850484697617, 0.02523364489462888, 0.027102803738317756, 0.025233644877220983, 0.029906542090890564, 0.0308411214953271, 0.032710280408647575, 0.040186915905258365, 0.03831775702675369, 0.04579439254077238, 0.042990654240423275, 0.05233644863294664, 0.04766355143668496, 0.04672897199743262, 0.061682243008062104, 0.04672897198002472, 0.053271028072198974, 0.056074766355140186, 0.05420560751145131, 0.06355140190397468, 0.07943925269853289, 0.06915887857430449, 0.07476635520981852, 0.07850467291460415, 0.07476635511233427, 0.07383177577056617, 0.08878504667326668, 0.0719626168920615, 0.0794392524060802, 0.08878504679860355, 0.08224299068902141, 0.08224299082132143, 0.08411214960234187, 0.09626168221513802, 0.1009345794113997, 0.08971962633534013, 0.09345794399486523, 0.08598130841121496, 0.09345794428731793, 0.09626168227780645, 0.09065420577459246, 0.08785046745683545, 0.10747663565328187, 0.10560747680262984, 0.09813084119112692, 0.1121495328773962, 0.10560747699759832, 0.10934579453178656, 0.10747663568113452, 0.11401869165841665, 0.11495327109766898, 0.10560747699759832, 0.11588785053692131, 0.10747663545831342, 0.12149532726991956, 0.12710280365475984, 0.12056074780281459, 0.12149532717243533, 0.12616822441047598, 0.12149532717243533, 0.130841121512735, 0.13271028070806343, 0.12523364483196045, 0.11962616836356225, 0.12429906558767657, 0.1411214953967344, 0.1121495328773962, 0.12336448605094001, 0.13364485998019993, 0.1205607476809593, 0.11869158872934145, 0.1261682242155075, 0.1271028040725494, 0.11401869175590088, 0.1224299064863508, 0.11682243007365788, 0.14205607483598673, 0.1383177569536405, 0.1514018692981417, 0.13644859807513585, 0.14112149529925017, 0.14766355156898497, 0.141121495466366, 0.13831775712075633, 0.1383177573714301, 0.13738317793217775], "val_embed": [0.0661764705882353, 0.175, 0.3029411764705882, 0.40441176470588236, 0.475, 0.5661764705882353, 0.586764705882353, 0.6029411764705882, 0.6455882352941177, 0.6470588235294118, 0.6558823529411765, 0.6514705882352941, 0.6735294117647059, 0.6691176470588235, 0.663235294117647, 0.6779411764705883, 0.6676470588235294, 0.6735294117647059, 0.6705882352941176, 0.6720588235294118], "test_embed": [0.03271028037383177, 0.1308411214953271, 0.21869158878504674, 0.30934579439252335, 0.3813084112149533, 0.4308411214953271, 0.45607476635514016, 0.47102803738317756, 0.5, 0.49626168224299066, 0.5065420560747663, 0.5186915887850467, 0.5383177570093458, 0.5598130841121496, 0.5411214953271029, 0.5616822429906542, 0.5485981308411215, 0.5532710280373832, 0.5663551401869159, 0.5560747663551402]}