{"train": [0.016076058772687987, 0.059809853064416295, 0.10942091615476171, 0.15488331882522965, 0.19654278300812045, 0.24563526361794336, 0.2949006049459931, 0.3365600690773673, 0.3975799480387128, 0.4369922212515809, 0.47484874676916244, 0.5203111494422062, 0.552463266915459, 0.5934312876999739, 0.6141745892494221, 0.6437337942543788, 0.6627484874057687, 0.6935177182471227, 0.7089023334668851, 0.727917026752218, 0.744165946299801, 0.7621434744618119, 0.782886776176113, 0.7844425237271532, 0.814520311128918, 0.8186689712925007, 0.8271391528685132, 0.8356093344445258, 0.8504753671438403, 0.8572169403424011, 0.8687986169071577, 0.8732929990944825, 0.8776145201978132, 0.8893690577023176, 0.8871218668765412, 0.90095073456587, 0.9108038028459046, 0.9111495244472111, 0.9099394985902073, 0.9142610196935378, 0.9261884181171836, 0.9237683664649957, 0.9261884181377902, 0.9299913567721895, 0.9310285218542984, 0.9374243732660932, 0.9351771821621274, 0.9372515125118048, 0.9474503024137525, 0.9407087292873149, 0.9476231632607707, 0.9441659462276779, 0.9503889368851842, 0.955920483989765, 0.9481417458018251, 0.9605877268798617, 0.9559204840103717, 0.9533275712844927, 0.9600691441533477, 0.9609334484605616, 0.954710457895785, 0.9619706135632772, 0.9630077785526563, 0.9607605877268799, 0.9654278305036401, 0.9643906653288015, 0.9678478823618942, 0.9621434744102952, 0.9683664649956785, 0.9726879860784025, 0.9675021607605877, 0.9695764908320758, 0.9725151253035075, 0.9685393257499668, 0.9697493515863641, 0.9751080380293864, 0.9702679342201483, 0.9744165945279774, 0.975626620477711, 0.9751080378439267, 0.9751080379366566, 0.9728608470181503, 0.9761452031114952, 0.9757994813247292, 0.9782195332757131, 0.9775280897949107, 0.9775280898876404, 0.9770095072332496, 0.9799481416531648, 0.9787381158167675, 0.9808124458882556, 0.9778738115610701, 0.9801210025929127, 0.977700950549199, 0.9818496109703644, 0.9790838375108039, 0.9802938634399309, 0.9809853068280034, 0.9837510803802939, 0.9832324978392394], "val": [0.05939226519337017, 0.1298342541436464, 0.17541436464088397, 0.21408839779005526, 0.27624309408730563, 0.32044198897085796, 0.3660220992828601, 0.42127071806739047, 0.44198895093485796, 0.47099447513812154, 0.5069060778420275, 0.5248618784530387, 0.5580110500530643, 0.5690607738099704, 0.5939226525923165, 0.6215469623138892, 0.6422651940287806, 0.6450276252973145, 0.6533149171270718, 0.6616022096154439, 0.6712707192199665, 0.6892265198309777, 0.6988950276243094, 0.7113259675094435, 0.7140883981193626, 0.7182320451868173, 0.7389502765724013, 0.7389502772310163, 0.7389502759137865, 0.7458563532618528, 0.7472375700486957, 0.7582872928176796, 0.7651933698364384, 0.7638121553547474, 0.7624309392265194, 0.7762430935933445, 0.7762430939226519, 0.7803867400021843, 0.7762430949105742, 0.7900552492773993, 0.7817679558011049, 0.7831491722586406, 0.784530387069639, 0.7886740334784788, 0.7941988956862391, 0.7997237572353848, 0.7983425411071566, 0.8024861888332262, 0.8093922651933702, 0.805248618455223, 0.8066298352420659, 0.7997237572353848, 0.8066298342541437, 0.8107734816509057, 0.8135359125901322, 0.8121546961325967, 0.8176795580110497, 0.8162983428707439, 0.8190607744685853, 0.8135359112729025, 0.8218232054078118, 0.8245856350298086, 0.8232044208774251, 0.8259668504994219, 0.8232044208774251, 0.8259668511580367, 0.8176795576817423, 0.830110497896184, 0.8301104982254913, 0.8314917123778749, 0.8218232050785044, 0.8245856360177308, 0.8301104975668765, 0.8314917133657972, 0.8342541446343311, 0.8314917123778749, 0.84116022165309, 0.830110497896184, 0.835635359774637, 0.835635359116022, 0.8314917123778749, 0.8356353594453295, 0.8273480669569574, 0.8314917136951047, 0.8301104975668765, 0.8356353601039443, 0.8383977900552486, 0.8342541443050236, 0.8370165752442502, 0.8383977910431709, 0.8356353594453295, 0.8439226525923165, 0.8411602219823975, 0.8425414364640884, 0.8439226529216239, 0.8370165752442502, 0.8411602209944752, 0.84116022165309, 0.8453038680619298, 0.8411602206651677], "test": [0.06523765126401203, 0.12301957114267216, 0.1789375583034526, 0.22646784682420515, 0.27493010176639077, 0.3187325249069335, 0.3727865793498342, 0.42124883476419084, 0.45666355941746684, 0.4836905868888901, 0.49580615028419567, 0.5340167755905091, 0.5517241377643859, 0.5675675668731984, 0.5815470641390365, 0.6029822924708165, 0.6216216205106311, 0.637465049813867, 0.6477166806996035, 0.6616961778821172, 0.6728797762169532, 0.6812674733710311, 0.6943150049931294, 0.7045666341012811, 0.7092264672916622, 0.7166821997741173, 0.7381174271615554, 0.7250698960394029, 0.7390493945551052, 0.7446411932503522, 0.7474370908203907, 0.7576887217061273, 0.759552655548885, 0.7595526564376774, 0.7614165883917511, 0.7707362524949827, 0.772600186726587, 0.7791239496490606, 0.7800559183757991, 0.780987882936323, 0.7847157487887039, 0.7828518172790264, 0.7912395134887624, 0.7912395134887624, 0.7968313121840094, 0.8033550796059948, 0.801491144374499, 0.8089468783012419, 0.8080149113520882, 0.8098788447504497, 0.8080149104632958, 0.8061509789536184, 0.813606709602939, 0.8089468782456923, 0.8164026093949587, 0.819198509242528, 0.8219944081457552, 0.8210624420853941, 0.8210624403078092, 0.8201304756917358, 0.8219944072014133, 0.8201304743029976, 0.8229263745949631, 0.8201304756917358, 0.8229263740950173, 0.8313140716934915, 0.8266542403917944, 0.8247903065490367, 0.8266542394474524, 0.8257222734426408, 0.8285181736790568, 0.8294501383506796, 0.8313140712490953, 0.8322460376983031, 0.8322460390870413, 0.8303821066330219, 0.831314071749041, 0.8322460385870956, 0.8350419370459266, 0.8294501387950759, 0.8303821047998875, 0.8322460381426994, 0.8257222734426408, 0.8294501392950216, 0.8322460390870413, 0.8313140730822297, 0.8331780037031147, 0.8313140712490953, 0.8322460381982488, 0.8275862050078677, 0.8350419384346648, 0.8322460372539069, 0.8341099719299074, 0.8359739039395306, 0.8341099715410608, 0.827586206396606, 0.8350419388235115, 0.8341099724298532, 0.8341099719299074, 0.8359739034951345]}