{"train": [0.02180625238919157, 0.06947124655966315, 0.12080277883261155, 0.16808182165020913, 0.21323813193785734, 0.2603241990703913, 0.3079891932121072, 0.3500578926019989, 0.39868776541058043, 0.4407564645244182, 0.4789656500059957, 0.5156310303176246, 0.5681204164133988, 0.5798919330642565, 0.6242763411350022, 0.653222693549487, 0.6777306056906016, 0.701466614746394, 0.7307989190831142, 0.7479737552378178, 0.7680432262774003, 0.7794287916961575, 0.7921651870943965, 0.8033577767820811, 0.8236202237137678, 0.8357776917117482, 0.8446545730406416, 0.8498649165143566, 0.8662678502968774, 0.868969509519697, 0.8720571206647519, 0.8807410261475501, 0.883249710053378, 0.8969509842220028, 0.9023543028516781, 0.9116171361028067, 0.9093014276750021, 0.915669625489144, 0.9170204551005539, 0.9274411417259207, 0.9258973366364877, 0.9316866067973217, 0.9270551903557934, 0.9353531448135317, 0.9413353912115373, 0.9357390967127625, 0.9401775372851912, 0.9477035890026748, 0.9442300266715284, 0.9453878804368432, 0.9505982244856704, 0.948475491765934, 0.9507911996186262, 0.9544577381639396, 0.9515631028879844, 0.9560015432993816, 0.9615978383272599, 0.962755692253606, 0.9560015434604131, 0.9610189109270014, 0.9631416438077693, 0.965457352373601, 0.9670011573480115, 0.9670011575090429, 0.9621767655664869, 0.9693168655457712, 0.9677730604333337, 0.971439598610575, 0.9671941334011471, 0.9708606708652492, 0.9731763796151167, 0.9743342335414629, 0.9716325741346072, 0.974913160412618, 0.9716325742956388, 0.9737553063022358, 0.9772288686333822, 0.9780007719027403, 0.9745272092265266, 0.9778077958726091, 0.9789656497989553, 0.9766499417622271, 0.9735623306171722, 0.9766499415781911, 0.976649941946263, 0.9747201847275543, 0.9781937470587005, 0.977035892787287, 0.9793516013531186, 0.9795445770381823, 0.9801235039093373, 0.9797375530683133, 0.9837900421095833, 0.9837900419255473, 0.9805094556475367, 0.9805094558085681, 0.9810883825186918, 0.9826321876541337, 0.983018139714396, 0.9826321878151653], "val": [0.008823529411764706, 0.01911764705882353, 0.03235294119838406, 0.05588235311648425, 0.07941176479353625, 0.10735294117647058, 0.12352941194001366, 0.14411764688351575, 0.17941176488119012, 0.1882352939423393, 0.21323529429295485, 0.22205882335410398, 0.2397058821776334, 0.2382352946435704, 0.2529411764705882, 0.25588235399302317, 0.27794117611997265, 0.27647058805998637, 0.2735294117647059, 0.2955882349435021, 0.28382353046361136, 0.30441176540711345, 0.3161764712894664, 0.32352941211532144, 0.33823529516949374, 0.31029411747175106, 0.34264705952476054, 0.34411764705882353, 0.36617647023761973, 0.36470588270355675, 0.36323529446826264, 0.379411765757729, 0.37499999964938446, 0.379411765757729, 0.392647059174145, 0.39117647023761976, 0.38382352941176473, 0.39558823599534876, 0.4029411768212038, 0.39558823599534876, 0.3941176474094391, 0.41029411694582774, 0.4073529415270861, 0.40735294082585505, 0.4117647069341996, 0.4205882349435021, 0.416176471640082, 0.4132352944682626, 0.4161764705882353, 0.42794117717181934, 0.42352941141409034, 0.41617647093885085, 0.4220588242306429, 0.4264705885859097, 0.4308823529411765, 0.4308823525905609, 0.43529411834828996, 0.4426470581222983, 0.4470588238800273, 0.4441176470588235, 0.432352940825855, 0.43529411729644324, 0.4441176491625169, 0.4411764709388509, 0.44264705987537606, 0.4500000010518467, 0.43382352976238026, 0.445588237397811, 0.4602941197507522, 0.44705882458125845, 0.45735294082585504, 0.4544117654071135, 0.45588235294117646, 0.4544117654071135, 0.4588235301129958, 0.4544117640046512, 0.4588235294117647, 0.4588235294117647, 0.4588235301129958, 0.4647058823529412, 0.4558823525905609, 0.4544117654071135, 0.4500000010518467, 0.46323529481887815, 0.46323529481887815, 0.4661764702376197, 0.4632352941176471, 0.4588235297623803, 0.46617647164008197, 0.46323529481887815, 0.4544117661083446, 0.4647058823529412, 0.4676470584729139, 0.4632352944682626, 0.4588235301129958, 0.46470588305417226, 0.46911764776005466, 0.4676470584729139, 0.4764705892871408, 0.4720588228281806], "test": [0.007476635548834489, 0.009345794392523364, 0.021495327120211637, 0.03925233651822972, 0.053271028072198974, 0.06635514015906326, 0.07383177573575038, 0.09439252372657027, 0.11495327094447946, 0.12710280365475984, 0.13831775734357746, 0.1504672896639209, 0.1588785050349815, 0.16074766388563352, 0.1785046732314279, 0.1869158880175831, 0.18878504684038253, 0.19439252369871762, 0.203738318091241, 0.21495327113944793, 0.2205607478028146, 0.23644859801943058, 0.2364485984929254, 0.24112149521569226, 0.2532710281487937, 0.23738317748653553, 0.2663551400755053, 0.25981308447423385, 0.26074766388563353, 0.2710280374388828, 0.2700934586680938, 0.2728971963730928, 0.27850467256296463, 0.28224299115555307, 0.29065420633164524, 0.2775700937364703, 0.2831775702048685, 0.287850467568246, 0.2859813086897413, 0.2831775702048685, 0.2831775700099, 0.3028037388191045, 0.2906542054960661, 0.2925233652101499, 0.300934579773484, 0.3009345799405998, 0.3140186914773745, 0.3065420560190611, 0.3028037390419256, 0.3168224297394262, 0.31869158889645727, 0.3140186914773745, 0.3205607477192567, 0.3308411215510324, 0.3252336457510975, 0.32616822418765484, 0.3336448598687894, 0.3355140187472941, 0.3373831780714409, 0.32990654211178005, 0.33271028065235814, 0.34485981380828074, 0.33457943947515756, 0.3364485981865464, 0.3401869167791349, 0.3439252339233862, 0.3401869157207346, 0.3392523367271245, 0.3448598129727016, 0.3411214958284503, 0.3439252333106282, 0.34766355229315354, 0.346728971795501, 0.34485981397539656, 0.35140186943740487, 0.3420560746549446, 0.3495327103917844, 0.3392523367271245, 0.3523364482638992, 0.3485981311196479, 0.34299065487407077, 0.3420560752119973, 0.3439252335334493, 0.35327102853873066, 0.35327102876155175, 0.3523364486538361, 0.35794392567928707, 0.3644859815312323, 0.3598130837779179, 0.35794392551217125, 0.3514018689917627, 0.3588785055641816, 0.3588785053413605, 0.3598130843906759, 0.3523364493222994, 0.3691588793959573, 0.37570093463514453, 0.3682242997338839, 0.37570093435661817, 0.3728971963173875]}