{"train": [6.005095849824343, 5.571173182168497, 5.126941607631067, 4.708057497736701, 4.299905607096574, 3.9542779244527595, 3.6155019160067097, 3.332826080297538, 3.058671229938649, 2.8055069671175867, 2.602809980024834, 2.3865939516596684, 2.209571378583422, 2.0363621950149535, 1.8994810783152138, 1.7766225284611035, 1.6654838167807102, 1.5363947016469548, 1.4623028548297536, 1.3571594489269867, 1.2792540962570376, 1.2021039793897315, 1.1069066632484297, 1.0738857875121701, 0.9779865865987647, 0.9451421885008222, 0.8812947529703765, 0.8341699902106692, 0.8038364538985692, 0.758219939681509, 0.7085162109821751, 0.6785502724433213, 0.650875646200485, 0.6068724787740122, 0.5909466971172376, 0.5603033329200002, 0.5190097854430035, 0.5046150896965479, 0.5010318653482554, 0.47787641790681806, 0.4385452747551037, 0.43905060020313247, 0.4181084789226255, 0.40874308919535696, 0.3944210443655375, 0.37397586369988417, 0.36377384456561984, 0.36225159527828904, 0.3278749614310038, 0.3351081843971691, 0.3083845652324327, 0.3102057990424058, 0.2934453077736659, 0.28617108851130296, 0.2911566389513716, 0.26328073730732515, 0.2657915717765187, 0.2646523163044566, 0.24671625783449633, 0.24316494874945982, 0.2543853148058147, 0.2367114795624643, 0.23141425359630338, 0.23520987218402023, 0.2210741508954954, 0.2131955116394788, 0.1977247784234577, 0.2173846758019852, 0.19660836070028995, 0.19180682642560842, 0.20128364387316855, 0.1873652081682235, 0.18096890127545506, 0.18291121278225397, 0.1868755316002779, 0.16916051517299463, 0.16818344283948813, 0.1629303771149216, 0.15677624340189256, 0.16084990818745737, 0.15674708489724656, 0.1712026009018965, 0.15481504891695602, 0.14738690353537182, 0.1447978332857686, 0.1418636393474935, 0.14251753842665804, 0.14241854149201047, 0.13520218280490967, 0.14076260760516676, 0.13461816216349703, 0.13668515281421725, 0.12425256020026466, 0.13585139649277014, 0.12605140122135033, 0.12210319962033755, 0.12611077095582346, 0.11607639912061889, 0.1182873148306908, 0.11191863152959168], "val": [5.631298863426757, 5.140492810728801, 4.709949340609556, 4.287825007465004, 3.9197876703673304, 3.595820258335514, 3.3251809625994433, 3.062623690505054, 2.85035430265395, 2.6557129311956755, 2.4924836606610548, 2.3596032074143216, 2.2154767236656907, 2.1086281682904913, 1.997933339018848, 1.8939047228565533, 1.8113903353886052, 1.7187495146008487, 1.6584919565948992, 1.6066135853035015, 1.5471613835234668, 1.4948482276326385, 1.4486841549530873, 1.4159759487236403, 1.3561673414641322, 1.3352711516849243, 1.2880207846836491, 1.2668241127419866, 1.233612374047548, 1.2126567745735632, 1.1802282017238892, 1.1529411788803439, 1.1356365759728364, 1.1136723532861108, 1.103047054775512, 1.0762648542941604, 1.0679464333623812, 1.0364349843388763, 1.0444614590860861, 1.008085436254575, 1.0080399401280102, 0.9998344660463913, 0.9791359703843765, 0.9705862083487747, 0.9550129879904057, 0.9495558093265933, 0.9490282463105344, 0.9272814225096729, 0.9262619980132383, 0.9227893285000521, 0.9168653791122015, 0.9101952577822775, 0.9033411306570907, 0.8926327603956612, 0.89270795939377, 0.8796452129084761, 0.8675967316601157, 0.8746156593712654, 0.8647129631174203, 0.8647983627424715, 0.8574726588159635, 0.8466711215551387, 0.8435020726688659, 0.84378055281402, 0.8330873929334609, 0.8247403456361254, 0.8285841533492283, 0.8245292147878784, 0.8194195975585538, 0.8156538454208585, 0.8225600640418121, 0.8127106270078797, 0.8071025451902527, 0.7968898835432464, 0.7975951413423317, 0.7943214309808299, 0.7907563434779973, 0.7884231871662878, 0.7820667298459216, 0.7752499260955094, 0.7771097113743671, 0.7741509557428939, 0.7862239572224696, 0.7785852587684083, 0.7757918156312974, 0.7716308858513173, 0.7649041328640932, 0.7725784073877071, 0.7614610191866837, 0.7722426936112715, 0.7600521965580092, 0.760374515096127, 0.7467653138861472, 0.7502448812374094, 0.7470021671023817, 0.7557626616888942, 0.7486147113267888, 0.7433948615637932, 0.7430652725762426, 0.7455522972905175], "test": [5.629886660526983, 5.159414948199468, 4.72132878156877, 4.321574048471584, 3.9576371678212814, 3.646829620212011, 3.3869539407070617, 3.134462099484162, 2.9472075157485493, 2.7520425686298524, 2.5921452694259175, 2.4541892434321935, 2.3164081713471143, 2.2015761935810896, 2.0949032524425295, 1.9992888993674756, 1.912554834895565, 1.8257163247546635, 1.764955006241243, 1.7056444302298484, 1.6373254811774873, 1.586532321469537, 1.5292232992042478, 1.4960372503517059, 1.433954895487036, 1.4064195318302037, 1.3619120432079561, 1.3412994484088183, 1.3110115363680084, 1.2812693485675966, 1.256288105932664, 1.2244444858883434, 1.2057415926889739, 1.1897600343709556, 1.171816802535897, 1.1453837571806254, 1.138839499481571, 1.1144564452842365, 1.1161501013777129, 1.085806867171978, 1.0810380121979442, 1.073550146479309, 1.051408525393149, 1.049357012233663, 1.0372936940037638, 1.0214511181079442, 1.0157270599278132, 1.000941596959977, 1.005015389228245, 1.002492493485471, 0.9903938944164216, 0.9879371282216665, 0.9817126213893197, 0.9730462240261778, 0.9658655443151533, 0.9521594074210161, 0.943317697188172, 0.9477082777556591, 0.9391600840133923, 0.9335637861395816, 0.9293282635280826, 0.9306133956633654, 0.9249178726097633, 0.9191957043357131, 0.9112000425397405, 0.9065908610209725, 0.9110482488962833, 0.9075330688035721, 0.9052130360527785, 0.9040175977424273, 0.9029045104980469, 0.895315200951426, 0.8913450457732031, 0.8868185083997217, 0.8837212448017906, 0.8860673661112007, 0.8864356989296152, 0.8747548158215455, 0.8772341962851661, 0.8771136473631703, 0.8736726446676121, 0.8699520671912031, 0.876506975401481, 0.8779433127162841, 0.8685108484337515, 0.8654074552785761, 0.859000903862387, 0.8562265460111221, 0.8554694943636906, 0.8644308813909226, 0.8547991139246611, 0.8561828062007723, 0.8476370009771598, 0.8442682625529706, 0.8433770637365556, 0.8521952151085657, 0.8487315360119936, 0.8462979437476102, 0.8379560928975769, 0.8432579084966967]}