{"train": [36.9082457022983, 35.885730039832914, 34.95487449492089, 34.129139584148305, 33.239538198245704, 32.36877076426569, 31.389270617570244, 30.386696394994555, 29.279327387081445, 28.214155318070556, 27.169802597001926, 26.094564141045385, 24.98135623876918, 23.939012488989047, 23.04191763050618, 21.96616185982564, 21.06274510804102, 20.006940429423658, 19.17050167600428, 18.407662037126613, 17.678410879129636, 16.752928340812925, 16.176520663654426, 15.592081570144346, 14.892968100841863, 14.281274976922731, 13.733928622704761, 13.128000641418808, 12.590729639234736, 12.08748143825476, 11.642407431039068, 11.222944875271931, 10.705509540327, 10.288081551147812, 9.8224927533944, 9.438659110055534, 9.057415941606681, 8.797557250910602, 8.458014485471875, 8.108933709883896, 7.897357500939273, 7.6334188472297075, 7.274843103260403, 6.9551877288378625, 6.678721804440193, 6.528840639405704, 6.22782181319311, 5.944484786272736, 5.814665273561945, 5.461950401064298, 5.35986824200545, 5.109521189752848, 4.909230578529732, 4.812377239853917, 4.7545945074097915, 4.425885353033412, 4.343673022404872, 4.145199496052107, 4.029320174060569, 3.9163560592475473, 3.826448902273041, 3.7315371180817443, 3.580780247789982, 3.3827777005066446, 3.329818431513454, 3.1281092709697975, 3.038080449063084, 3.064203973462327, 2.817359943554793, 2.758548033684063, 2.7715985658189406, 2.7235368421510593, 2.6400796879265425, 2.3952190182050987, 2.4089920053564504, 2.3525884137717035, 2.2795999270007656, 2.2145137017329763, 2.2107152286111793, 2.1214169349725376, 1.970097405766204, 2.0362835837372444, 1.9302733475261875, 1.8847145931177935, 1.8038295091744458, 1.8983013671138445, 1.7083496923748973, 1.7459880379847217, 1.7698260717501901, 1.5871752060799502, 1.6092561404368375, 1.5808824201138632, 1.4341858000164416, 1.4343867234950107, 1.433240723541216, 1.5074441821156044, 1.400907037924621, 1.3420310903351313, 1.360208983036558, 1.2161812201700568], "val": [36.27875421802003, 35.429885534545285, 34.79548425722362, 34.032924345390285, 33.52578638354738, 32.72048380099349, 31.677326601114704, 31.026705420795995, 29.987383795503394, 29.149183434337825, 28.356782859533876, 27.338639659018973, 26.559721824991044, 25.56833084144784, 24.923765941600703, 24.101596326204998, 23.464637879031386, 22.694872974031533, 22.206670713185066, 21.604286186179923, 20.973208859697657, 20.396245105302512, 19.89301678259768, 19.46558774056746, 18.967305838043366, 18.64549130195349, 18.276246530925807, 17.817257977969682, 17.472949628973726, 16.958533916760928, 16.65130183540996, 16.412923209032222, 16.10960684733175, 15.832512597702257, 15.677298142322943, 15.217556099436392, 15.037908477399817, 14.818414674691818, 14.58031020428068, 14.491299020585103, 14.190748542517273, 13.935670388763274, 13.910434633762993, 13.564654924402285, 13.49424465792862, 13.20217756625995, 12.987138839223277, 12.973297284955356, 13.093739661978717, 12.829888776079494, 12.723444990416867, 12.424255821573075, 12.7686091657859, 12.202159861463997, 12.09298446981152, 12.02710216656402, 11.868930959941155, 11.729518647888797, 11.7058875668588, 11.698610347000198, 11.549578838252542, 11.290432812101278, 11.47592419284073, 11.353529841935813, 11.233813034709375, 11.05263430724791, 11.12385427292867, 11.147838515851966, 11.018411246256612, 11.02097487233991, 10.796908646971737, 10.822436451552502, 10.78423359358131, 10.71843729738015, 10.653468460773103, 10.548138943389432, 10.647723710716669, 10.531599991764855, 10.5797307239705, 10.391450138187889, 10.376895694636818, 10.352336965014587, 10.306756515119543, 10.468665393273435, 10.316826849127535, 10.37815471246614, 10.331926196304398, 10.14678241308011, 10.24745440363285, 10.278402741590337, 10.092523474190104, 10.211363403281974, 10.177366013263338, 10.110882797432904, 10.035523767327543, 10.078163139784156, 9.9639104143459, 9.948977205861153, 9.955199757293242, 9.883382306027054], "test": [36.24783040659439, 35.442624701163616, 34.838849101780696, 34.14267712652971, 33.64502770612781, 32.940766490254425, 31.899197184981933, 31.31971399795606, 30.3876242854169, 29.582694122756738, 28.771194316108446, 27.908138667673306, 27.084499653986686, 26.216190682747513, 25.680426965243573, 25.00815362792084, 24.35398309679999, 23.603505985057296, 23.101891734173908, 22.58934778591285, 21.94029160283038, 21.442022964919822, 21.062505694403164, 20.622069958673006, 20.190900071001284, 19.78419870570086, 19.289345990056578, 18.90308074766887, 18.65063606022637, 18.273531426323785, 17.869460636636486, 17.68051345014342, 17.406952879163953, 17.15947313723357, 17.019209123694377, 16.679126326703795, 16.486468127153923, 16.126073123176315, 15.952845884866761, 15.663304116069407, 15.601554592335281, 15.574552441104023, 15.228950133761346, 15.063889116250374, 14.92140224567358, 14.679990855046517, 14.582633944525234, 14.67357313460198, 14.563398242342299, 14.375338811459748, 14.22576318823773, 14.177312714581328, 14.377240952201511, 13.782739141713018, 13.71436379842712, 13.657480594616581, 13.653629325092703, 13.617356476346076, 13.561842121363838, 13.721611312276499, 13.498008805426998, 13.32841682434082, 13.316321946111854, 13.238427430304927, 13.109261051813762, 13.002170060337454, 13.074121211692331, 13.072526379829444, 13.009809582475302, 12.858814837506428, 12.822733794318305, 12.864176189035609, 12.672124241630812, 12.548872929264382, 12.574131950433703, 12.557662370469835, 12.552237740576555, 12.563303109873896, 12.534843840691202, 12.492258160356162, 12.454196207534864, 12.402798441182012, 12.311796062119342, 12.329528487938038, 12.335122806899214, 12.420578301471213, 12.399467176170164, 12.234295132770631, 12.094980610280798, 12.218386870305896, 12.02523882308444, 12.124034343479913, 12.03630470653663, 12.115764434556453, 12.128646048485944, 11.977990391404157, 12.110112317403157, 11.94490371188104, 11.950764795201987, 12.012896199617984]}