{"train": [6.022217727188418, 5.56129140056863, 5.10444637403021, 4.665471721451289, 4.285563618717688, 3.891014845982752, 3.546053948938331, 3.259021497253726, 2.9664273488762056, 2.762095592207455, 2.5229513390950578, 2.3308887406110075, 2.1441056192436547, 1.9629683302184002, 1.849324858154275, 1.7127808655373302, 1.576931762764021, 1.4726327042758294, 1.3944001610066086, 1.303003791429811, 1.2412796291906483, 1.1484182262283238, 1.0989121353248354, 1.014035327977337, 0.9480927876848996, 0.9101471474947092, 0.8555349979002125, 0.7907767307861394, 0.7649470784135098, 0.73588114461569, 0.6940684316824768, 0.6609299660416089, 0.6334286095086024, 0.5816645617100279, 0.5704175244147222, 0.5501550281425718, 0.519582080652116, 0.49338246199170865, 0.47151030612953804, 0.45280711803724855, 0.4284746463085801, 0.41237166292042143, 0.3933023538987987, 0.3913935520806986, 0.3701896472520031, 0.360782426870522, 0.34241809101200926, 0.3423697164319778, 0.3353224024391312, 0.3180309958348013, 0.30950759647559023, 0.29740567217642705, 0.29715512293560015, 0.28523112502840137, 0.26632649573881273, 0.2745767728739582, 0.24153003526008782, 0.24057043418932372, 0.23190118866282855, 0.22740254141068253, 0.23809856322381956, 0.22211760471464922, 0.21782117158775716, 0.21684745254708984, 0.20559636939327725, 0.19531023102981557, 0.19776619932149947, 0.1930991432251092, 0.1850719980101077, 0.18743080950693713, 0.18255213074794077, 0.1769773341307379, 0.18311873808374324, 0.16503374592028022, 0.16855772655532408, 0.16819685950918226, 0.16910656923777087, 0.16081751719847193, 0.152260279191674, 0.1427979381695948, 0.14767063896491137, 0.15225670317064444, 0.13914628497590592, 0.1407375729908517, 0.1502131419283169, 0.1337974681290838, 0.13886281953163723, 0.1428954927868046, 0.1334219823996684, 0.12710804429968084, 0.129140640584811, 0.11883951863139781, 0.12266055045794341, 0.12551220886473696, 0.12602825930894967, 0.12634384161886633, 0.12571547406937617, 0.11310425381409675, 0.11645302726143719, 0.11551128525383535], "val": [5.712833631218378, 5.32745417398424, 4.948485164067254, 4.600726728583101, 4.288136098852109, 4.002791527647469, 3.735272372068472, 3.5063772067352756, 3.307860621735079, 3.137876696562647, 2.9779676758464255, 2.8211412966550893, 2.703976149774676, 2.5835778447251823, 2.4658812690619847, 2.369757500365751, 2.2900933294440033, 2.2137736472652185, 2.138776447305727, 2.0661297623236576, 2.0381706764949628, 1.9540445181592625, 1.904792330852106, 1.85834547622719, 1.8105399708052976, 1.7864876313425189, 1.723216897279174, 1.6913417070954289, 1.6552182054998887, 1.6336779569261637, 1.6037762843184735, 1.5896420202063555, 1.5601378456432016, 1.543800166144443, 1.5217964388018277, 1.5033657774853346, 1.4770060742919768, 1.468175707749985, 1.4591825062306083, 1.4340131853094054, 1.4243704341763828, 1.4051206509671619, 1.3926894072312206, 1.385763360747141, 1.3754649406701476, 1.3630178554573251, 1.3531486985072418, 1.3305065178990962, 1.3318841082366866, 1.3206561512683503, 1.3236700115491398, 1.3036904373360638, 1.2921505851362218, 1.3015106943983528, 1.2954508106912201, 1.2704136850246832, 1.2694310182303041, 1.2693684317957816, 1.2646802355296647, 1.2645570239829058, 1.2621822433855066, 1.2524872809798273, 1.2345017440355004, 1.2346614371592075, 1.2288870321446328, 1.2237702431990274, 1.2198714304209954, 1.2141387100794807, 1.2092858754210736, 1.212675326433613, 1.2117286393390827, 1.2010909725074193, 1.1885174412224162, 1.1927552783908557, 1.1862476758621445, 1.19351308681258, 1.1850987995090196, 1.178596734880802, 1.1718088073347082, 1.1656864997729584, 1.1665011814491233, 1.1591554190046225, 1.16638033042601, 1.1609609077024698, 1.1609165878152128, 1.1611101747158186, 1.1540261681954465, 1.1568569087502945, 1.1463773049301837, 1.1529176111796393, 1.1455489262863618, 1.1412936934274645, 1.1409826464389436, 1.1300841329085767, 1.1313549402371124, 1.1386585463231533, 1.12989601280222, 1.1367685673823908, 1.1254922387587964, 1.1273405529146818], "test": [5.668648810547907, 5.262545506389821, 4.889758792821912, 4.5529309613693165, 4.255846424839922, 4.010043056230038, 3.7693330767074067, 3.569894384070871, 3.390700318156809, 3.2499423766481703, 3.106633766837742, 2.9629212893149703, 2.878618308081143, 2.7702220739373837, 2.663680004958369, 2.5779886366664497, 2.5107805933929295, 2.4458664159267998, 2.3795236189008335, 2.3227663543489245, 2.298007195928822, 2.2272685689050795, 2.162123079115642, 2.1280756943467733, 2.087500560686784, 2.0735561502152593, 2.010094901213899, 1.9751782523261177, 1.9363701344112267, 1.930996290612336, 1.8844550434517975, 1.8729646876238395, 1.8603407615624765, 1.8374935011932816, 1.8199616998865984, 1.7902736795121346, 1.781315014558138, 1.7697887411440052, 1.75843608736416, 1.7349283441253331, 1.7253835560618966, 1.6978488512085257, 1.688050836065541, 1.6886072111590473, 1.674184591297942, 1.6718848953500463, 1.6622147512896626, 1.642428131379943, 1.6238379401285292, 1.6274558815979152, 1.6356993171903822, 1.6195569865369566, 1.6086194760557535, 1.6186387802667663, 1.608490887125909, 1.5832844230863783, 1.5809620129313446, 1.579407004342563, 1.5743527529896169, 1.574147707713399, 1.56986538834042, 1.5576282750005308, 1.5503327811973682, 1.5399045414394803, 1.5401445128491535, 1.5214458331969625, 1.523501041315604, 1.5208480611515507, 1.519425872904091, 1.5151893650276074, 1.505399397317914, 1.5138879720715508, 1.5087191710725498, 1.5076520800014626, 1.5028025157209757, 1.4972167441666415, 1.4990745379728971, 1.4910303095112676, 1.4914858572724936, 1.4803493783093882, 1.4758838671992942, 1.4725790076785616, 1.478129289921931, 1.4699275718219038, 1.4721916002639825, 1.4761900146226377, 1.4618931037792262, 1.470033281667221, 1.4575998427211374, 1.4572980104437196, 1.4490046032384973, 1.4426589793053226, 1.4395771058861184, 1.4324288596277652, 1.4377852352345046, 1.4358234375571284, 1.4284324764053602, 1.4378237414475223, 1.4311416013229297, 1.4248939084546002]}