{"train": [36.907368700032414, 35.846860192248606, 34.98034012381538, 34.161549047735505, 33.30473718997622, 32.42408309778265, 31.435514667679136, 30.44004430515352, 29.345458307488787, 28.227531352327524, 27.216701235560993, 26.147336394722956, 25.059355010590682, 24.03315386726821, 23.0500908445261, 22.16952818703219, 21.292574517687747, 20.292353912788727, 19.597162738625304, 18.697418150905914, 17.882490230946058, 17.1130646919112, 16.46264368368823, 15.68277993297, 14.964539260171875, 14.386672949564282, 13.984517175778295, 13.281305849212146, 12.844018829991926, 12.17796075238992, 11.70196483697784, 11.243535463997487, 10.780374939109914, 10.376431181931558, 9.90072459111259, 9.62016319202367, 9.182687081688936, 8.74024752136336, 8.547908071288798, 8.188888543540275, 7.810734450621346, 7.533251141389074, 7.244416323754946, 6.968194878956523, 6.731963745107296, 6.513205625192812, 6.241126391510564, 5.999025526022025, 5.813887853795532, 5.499312821192894, 5.40917433752721, 5.07553130927123, 4.951527831589444, 4.906702841327638, 4.658371734371861, 4.3987454841336815, 4.283597203916584, 4.132434682425695, 3.953538137731, 3.9560693400423386, 3.6544165077555664, 3.664596776706758, 3.471972473345652, 3.35301439113007, 3.2331598903355974, 3.1715352705458475, 2.9523846666670712, 3.084691871191369, 2.890098908077362, 2.8219457816747933, 2.7349408941837665, 2.6378547505664742, 2.4521945656633832, 2.4432977227991577, 2.462969939133785, 2.3527003548736705, 2.397855108486957, 2.1180620837232214, 2.2037579822045723, 2.109242796918495, 2.066368924984153, 2.1200314727443605, 1.8996565449516012, 1.9737984761557088, 1.8494053471366598, 1.782441466310051, 1.7817191025256698, 1.7226910470370702, 1.6180903325538338, 1.6348720714153662, 1.605980233025118, 1.5781632023632475, 1.4930712213573933, 1.481786597547803, 1.3932521440288375, 1.4031743973622368, 1.4120544307069112, 1.2828199415445947, 1.3246952348674488, 1.3113551028143668], "val": [35.90354687601163, 34.76659604067302, 33.77544959474005, 32.83720077598951, 31.846450679210008, 30.805133366453056, 29.704801380305, 28.555219513276665, 27.61131566927578, 26.71583774208364, 25.617272919712804, 24.54971077428997, 23.656521412549097, 22.73599006062713, 21.82335361459637, 21.145284368188342, 20.21880447008333, 19.53941217707007, 18.854508057483653, 18.21412406837084, 17.60272843798221, 17.087626314953546, 16.63022775808092, 16.10700126774403, 15.592893811220621, 15.0484156318791, 14.718473128850947, 14.477816860978775, 14.00561354832096, 13.699313032034352, 13.28821171186247, 12.949224872483732, 12.629285849260361, 12.2648202516756, 12.107970685590038, 11.763115724805969, 11.585386539691061, 11.302656574143889, 11.187098645373602, 10.901725821732157, 10.667880437650734, 10.523586004478497, 10.407339991785545, 10.237028200982026, 10.1399464528205, 9.926893351486374, 9.698810814493928, 9.724645936028075, 9.408770766706098, 9.423711281455024, 9.342705916304615, 9.2401930614071, 9.117873233984847, 8.97132280254891, 8.959171998566685, 8.958320749398753, 8.880851861521684, 8.82465391527882, 8.625524829105778, 8.470280109848106, 8.389228272833218, 8.418155525270747, 8.27142080549377, 8.317713026183744, 8.23604604552464, 8.120145423636252, 8.02710251781822, 7.911163530297042, 7.950514993614913, 7.792304658099432, 7.714591821912903, 7.665481409315246, 7.672552635656536, 7.637266137981942, 7.567659862792294, 7.628211848643604, 7.512859618466203, 7.476836315176105, 7.634832930169711, 7.503354372899176, 7.538220026216455, 7.528033572665894, 7.567493802276106, 7.339335272983951, 7.346414305228555, 7.3912235966044895, 7.326500724033756, 7.254223449454123, 7.231246837594891, 7.221675972912193, 7.373265558843455, 7.366166757615232, 7.297453153199254, 7.238457663941778, 7.16721885639001, 7.103764209958071, 7.177699600135424, 7.035654673918835, 7.020876819916193, 7.143410608913358], "test": [35.96228283671498, 34.93076003786569, 33.92857700714083, 33.00737616689207, 32.02113128974964, 30.95082494019351, 29.85405520735116, 28.712480248187262, 27.71117376059099, 26.715078817831504, 25.600413396218507, 24.581854358968176, 23.66155832900361, 22.892488241417876, 21.87513732199122, 21.2408013463798, 20.436079866066226, 19.79275684765534, 19.057385948586443, 18.551621720597552, 17.953440268908498, 17.363320639504526, 16.916230854983652, 16.515470184795454, 15.885759570503057, 15.372682310106148, 15.007734231157828, 14.79529339025094, 14.37185980111555, 14.073484806512297, 13.747083674605939, 13.467319398757352, 13.258256232305209, 12.979035800567656, 12.737401687643402, 12.48899522143219, 12.26966445154935, 12.068050978234853, 11.872117081648373, 11.72421008942845, 11.5168869830911, 11.368831142130459, 11.214038952865671, 11.017645438586232, 10.873883502458925, 10.771406346131792, 10.481358517471698, 10.416636270556845, 10.280335093922185, 10.129180268272549, 10.113916590851485, 9.982865143355541, 9.911415535605965, 9.716559314994422, 9.666343575199408, 9.589431525387724, 9.652141417283826, 9.566958566080825, 9.421690371140963, 9.347231175670641, 9.217610899577714, 9.175330970405088, 9.033099066955623, 9.067421193225075, 8.95189914010111, 8.86600128380028, 8.876627006601865, 8.72195181931054, 8.673761681541592, 8.621945029647131, 8.581687513957597, 8.528980227574387, 8.475054017428693, 8.554206190882502, 8.41802661394473, 8.46722225240759, 8.36144587489232, 8.337747528968519, 8.387644310921903, 8.332906480826514, 8.311198882487814, 8.307673968006714, 8.272747408199399, 8.205489523924074, 8.104329138522045, 8.019030634088152, 8.00210082097689, 7.932167548724456, 7.911530792435418, 7.874022478492929, 7.961517189999995, 7.965488722695442, 8.011983115541968, 7.92054252944477, 7.846753773684826, 7.901786121606604, 7.824820732692637, 7.750654896952121, 7.761008267967032, 7.855232093007567]}