{"train": [5.890246087821097, 5.452922278690964, 5.004250405884672, 4.591192518592755, 4.204339340818016, 3.8593184104162677, 3.5156844144436166, 3.239966819756558, 2.9825538195776047, 2.74396647416869, 2.547149763563709, 2.350082918650761, 2.1228772072845423, 1.9871060838114107, 1.8486579618413492, 1.7122386290455638, 1.6027905967694736, 1.4743282705694956, 1.38028147146077, 1.2798005013059162, 1.1897257558630498, 1.1368313589780683, 1.0508293502351944, 0.9921161810526374, 0.9170659423702613, 0.8643221148925598, 0.8367245744112972, 0.783853769900485, 0.7330142412347621, 0.7004937955837184, 0.6826057962035176, 0.645654358513242, 0.6177009114056009, 0.57722320916891, 0.5525422258894216, 0.518451436382148, 0.5053328860224743, 0.47661968355977546, 0.46688172677822987, 0.4364142075600839, 0.42013589699081544, 0.4106547041824544, 0.3987450536178006, 0.37851098068245403, 0.35933216115145644, 0.3562259548007637, 0.338603125707563, 0.33235002568172056, 0.32860173779028995, 0.32071786336758934, 0.2981506334865751, 0.2971878928459091, 0.2898091607943137, 0.2758353264784546, 0.2677858434718164, 0.2594558825620764, 0.2423991289943031, 0.244826092516672, 0.24760497975929138, 0.2319356469011178, 0.21871870932133675, 0.21745642948937388, 0.20251172857480546, 0.20339505990376947, 0.21585616180676837, 0.18581568050895222, 0.20676313794427562, 0.18088931515266518, 0.1938413533521223, 0.17773051621462102, 0.16561483021571063, 0.17214152741988897, 0.18060328147439872, 0.16400295980806656, 0.16910890291115346, 0.16808650767145264, 0.1583931582549602, 0.15356945019001117, 0.1641205805740224, 0.1436748240777122, 0.15000844688741732, 0.14716478306347225, 0.15705641315669822, 0.14308758690487414, 0.1470780240458809, 0.14687948330333914, 0.13727607949274195, 0.1359929212705825, 0.12815099346423783, 0.12675069353033888, 0.1286939984724495, 0.12781427824234973, 0.12010160907211564, 0.120198617302189, 0.11915948720155008, 0.11745159185931103, 0.11383481914934529, 0.11090530493069872, 0.11229567711260593, 0.11428786137305554], "val": [5.74238779965569, 5.517586281720329, 5.250971272412468, 4.971967584946576, 4.711573443693273, 4.470191602145924, 4.319614376741297, 4.21753324620864, 4.023915975234088, 3.8903435454649085, 3.7838236696579877, 3.6790899613324335, 3.603658676147461, 3.5367470068090103, 3.4490032392389636, 3.4139256589552938, 3.327887540705064, 3.2887661400963277, 3.250456142425537, 3.180086130254409, 3.170799297444961, 3.088654644349042, 3.053939334084006, 3.0385969021741084, 2.993854326360366, 3.0307611381306367, 2.9468562182258156, 2.94256833300871, 2.9057447209077725, 2.892423624150893, 2.8780993573805866, 2.8533278353074016, 2.820973752526676, 2.821341868007884, 2.792357795378741, 2.7934962721431957, 2.801425448585959, 2.774313320833094, 2.756097838457893, 2.7543053122127756, 2.7426215424257165, 2.672848771600162, 2.718711157406078, 2.7037296211018282, 2.691172395032995, 2.6664984282325297, 2.66359645058127, 2.672479455611285, 2.665146126466639, 2.636497909882489, 2.6478547236498664, 2.644668020921595, 2.623779838225421, 2.6306010863360236, 2.6429651989656335, 2.6266756338231705, 2.6096153315375834, 2.608712740505443, 2.6041971431058997, 2.576371737087474, 2.609176388908835, 2.5650007304023292, 2.577003439734964, 2.5607945133658014, 2.55677666944616, 2.5606226696687586, 2.570046562307021, 2.531630984474631, 2.512626047695384, 2.569918593238382, 2.5542108928456027, 2.5604123031391817, 2.5687613234800453, 2.5678714836345, 2.5448476370643167, 2.5427316721747903, 2.548225963816923, 2.548421335220337, 2.543544923557955, 2.533631571601419, 2.5642750459558825, 2.537772835002226, 2.545374657126034, 2.519241776185877, 2.523763561248779, 2.551476781508502, 2.533072324360118, 2.498999138439403, 2.4961114546831915, 2.5101399141199447, 2.5274495573604807, 2.5213185590856217, 2.517925666360294, 2.5172345329733457, 2.5259570458356073, 2.4952775394215303, 2.4757596689112047, 2.49547661893508, 2.4623848690706143, 2.476697666504804], "test": [5.8325912297329054, 5.683182022950359, 5.509020894487327, 5.3297680943925805, 5.192077669696273, 5.057705036056376, 4.941555250470883, 4.8341795921325685, 4.726007633565742, 4.620606540073858, 4.554401546549574, 4.448627085106395, 4.39417048035381, 4.361721576262857, 4.288550679928789, 4.238817854016741, 4.200957683313673, 4.127226909744405, 4.108812503725569, 4.02216677576582, 4.010178367668223, 3.932827479817043, 3.9233458438766338, 3.902474830752221, 3.8454816189881798, 3.8935724507982488, 3.7946301794497765, 3.7944256836008803, 3.796572931236196, 3.781533604470369, 3.763786461197327, 3.7574272761835115, 3.723950460023969, 3.749931493206559, 3.716393905710951, 3.7275396569867, 3.7339607033774116, 3.700278097669655, 3.712004144615102, 3.7251017895814416, 3.707626431901878, 3.6712501200560097, 3.696859397175156, 3.703614580742667, 3.6659334913592474, 3.6586385807144306, 3.640853862673323, 3.6810418610260864, 3.684347992299873, 3.6626445115169632, 3.6272938585727013, 3.640105678879212, 3.6402841443213347, 3.6185081958770753, 3.6428067764389183, 3.611489343197546, 3.5970597784095837, 3.614878259640988, 3.588610339387555, 3.5747379022223926, 3.6054376936404506, 3.581339288426337, 3.606147280363279, 3.590351324883577, 3.569631705328683, 3.5897776857714785, 3.598792063187216, 3.5742013824320287, 3.5817549411381515, 3.614200043901105, 3.5799414099933946, 3.546685871676864, 3.5761486904643407, 3.5642471139676104, 3.5602920625811425, 3.564510364621599, 3.552210777496623, 3.5702832137312845, 3.5276105702480423, 3.5423479035635976, 3.557236335433532, 3.579677915127478, 3.568015472911229, 3.518984560654542, 3.5158657047236077, 3.525646885310378, 3.514285025195541, 3.504353659175267, 3.5165416864591226, 3.529804718605826, 3.5588302456329917, 3.521663354713226, 3.523400767495699, 3.507596676371922, 3.5417535550126407, 3.4869545593439977, 3.4758785880614664, 3.484351329268696, 3.4388946956563218, 3.484086550061948]}