{"train": [36.81541713035875, 35.81063183777491, 35.05028008476089, 34.24515105306021, 33.432579053777935, 32.5111089645321, 31.563879286907024, 30.609684724413903, 29.535527723629656, 28.43462865631445, 27.476487930839653, 26.3726034160748, 25.367798061363487, 24.257587000008762, 23.29608889262863, 22.344716763689636, 21.411383485665244, 20.570382819402084, 19.62380443618639, 18.882851446424844, 17.93695619731095, 17.21309532966452, 16.47509285916881, 15.705410271986532, 15.058424021000569, 14.494473255264948, 13.818964763480878, 13.330857156188918, 12.642403835957689, 12.06850574799644, 11.663899348445584, 11.153290805279266, 10.557205039347888, 10.244991943303429, 9.733016260523264, 9.244722673673051, 8.954057015492989, 8.641840950948582, 8.34288992821043, 8.101204667115294, 7.633697245489994, 7.315105451667047, 7.078404766489115, 6.720344946863843, 6.510650580475018, 6.262676475315837, 5.944194186382522, 5.766876825813344, 5.559671400689288, 5.410984835630216, 5.12689055719232, 4.920882288713061, 4.752920975605984, 4.563407956840725, 4.367557555172536, 4.155390431732802, 4.1052964491901225, 3.9138775897826616, 3.815966334503068, 3.5483249970174398, 3.594823652692211, 3.4890396811243467, 3.2776138938011603, 3.1610300604416475, 3.104042891782483, 3.0583874796495985, 2.9072260130606575, 2.8279334678929637, 2.6772767114896934, 2.69506989837567, 2.603396461765447, 2.397101425195191, 2.406430441778353, 2.3146057058972587, 2.1446857721085073, 2.1932754622422235, 2.0418324079903707, 2.0861095158302017, 2.0576084210393235, 1.8959326226938558, 1.9120283169159324, 1.8902033778609846, 1.7876425745495494, 1.7661714518866176, 1.715674183190168, 1.749730207339441, 1.7133910645853365, 1.7578615922810072, 1.4015015824933348, 1.4929774773714397, 1.4161964416135835, 1.4988339094064815, 1.3562370626588716, 1.357860909148746, 1.3772818346089812, 1.3996304003072493, 1.2821861179764784, 1.1887688223158976, 1.2296755465242863, 1.2595890183469036], "val": [36.9186700259938, 36.67637068804573, 36.725374019847195, 37.06222282858456, 36.68575107350069, 37.66473841947668, 36.773588023466225, 36.4316697064568, 36.703901582605695, 36.165845309986786, 35.49967727661133, 35.10135794246898, 34.25955020680147, 33.856598797966456, 33.55176288380343, 32.57356518016142, 32.48855994729435, 31.82004643608542, 31.31128230375402, 31.24760039834415, 30.959736880134134, 29.808834838867188, 29.888398114372702, 28.79127181558048, 28.706370477115406, 28.47713488410501, 28.045561308019302, 28.21601526596967, 27.025490233477424, 27.491187802483054, 26.825759685740753, 26.9483102461871, 26.688089191212374, 25.790766480389763, 25.81480313469382, 25.58060457566205, 25.102622716567094, 25.37840517829446, 25.11364117790671, 24.594995565975413, 24.604059376436123, 24.47666872809915, 24.52127149245318, 24.49831536236931, 24.028644898358515, 24.04142880159266, 24.14466032140395, 23.62063264285817, 23.549066588457894, 23.965796481861787, 23.30364678326775, 23.310572770062613, 23.56717742471134, 23.205233046587775, 23.250974094166477, 23.601337522618913, 22.891702405144187, 22.529539691700656, 22.856911423627068, 22.388857359044692, 22.384334205178654, 22.26737040351419, 22.323217706119312, 22.239684183457317, 22.194710271498735, 22.084481721765854, 22.229373415778664, 22.205259502635283, 21.830791922176587, 21.479013914220474, 21.964394131828758, 21.391218073227826, 21.274894624597884, 21.83796252082376, 21.549157737283146, 21.70440745634191, 21.71399325202493, 22.0338908700382, 21.682039215985466, 21.34467477237477, 21.954834388284123, 21.384285960477943, 21.314210465375115, 21.156956122903264, 21.292881887099323, 21.203173446655274, 21.518044258566462, 21.98615655338063, 21.55353205063764, 21.62072706783519, 21.188774782068588, 21.69872990776511, 20.93045934789321, 21.10777130126953, 21.51221149668974, 21.411827850341798, 21.5413371591007, 21.63974613862879, 21.81099604438333, 21.675665372960708], "test": [37.06222363053081, 36.986922091189946, 37.17375004848587, 37.53044651067145, 37.46791529432635, 38.037360417731456, 37.55403896581347, 37.47028183981637, 37.6683974221488, 37.16395357791509, 36.95193472175955, 36.601873109051, 36.281719036637064, 36.04975316413095, 35.67655743037429, 35.2921413813796, 35.0610012018792, 34.658685673508685, 34.293775319607455, 34.36926222471433, 33.99969296321691, 33.24205239197918, 33.39065910410658, 32.54442858829677, 32.74060315996687, 32.0119527727644, 31.897204939227237, 32.1630669139256, 31.490503507239797, 31.75437079099851, 31.24799491668416, 30.95379128857194, 30.83102119659709, 30.264018424203464, 29.922166578346324, 30.465053109142268, 29.95812860649323, 29.814423491576008, 29.977187454366238, 29.8076381719001, 29.216727643592336, 29.81603818519093, 29.56475998709135, 29.162861879295278, 29.172187092148256, 29.250865137688468, 29.024585677530165, 28.863550025726035, 28.7091641506302, 29.21143213432526, 28.946868957091716, 28.933928102867625, 28.620267443790613, 28.77820107290678, 28.65749588369209, 28.829750806148922, 28.281054241857795, 28.08917067697115, 28.71660758401746, 27.796793575821635, 28.219580784022252, 28.032927607598705, 28.197685202482706, 28.09341279858741, 27.816846986574546, 28.046566758200388, 27.785446937061916, 28.191992194630274, 27.77556462510724, 27.380576902015186, 28.123987155094326, 27.539772650460215, 27.36311730714602, 27.492874138377537, 27.21517991752268, 27.28301708542298, 27.38487032239682, 27.737408760997738, 27.49666841453481, 26.905082378209194, 28.150539722620884, 27.356754712969344, 27.3490990576343, 27.543324914379653, 27.515666975930472, 27.599335230176695, 27.36573201473628, 28.072640948429285, 27.724208015370593, 28.072783250897846, 27.211827222877574, 27.26089011575574, 27.02962239702171, 27.663701565466194, 27.389772019430854, 27.367226777121285, 27.425953709967782, 27.388005012440903, 27.513542642325998, 27.530930249936112]}